{
	"info": {
		"_postman_id": "6e49eec1-2589-49bf-bb0b-06d4ee3dfe45",
		"name": "Desafio TDD Event City",
		"schema": "https://schema.getpostman.com/json/collection/v2.1.0/collection.json",
		"_exporter_id": "1242165",
		"_collection_link": "https://www.postman.com/devsuperior-oficial/workspace/bds-3-0/collection/1242165-6e49eec1-2589-49bf-bb0b-06d4ee3dfe45?action=share&creator=1242165&source=collection_link"
	},
	"item": [
		{
			"name": "City",
			"item": [
				{
					"name": "All cities sorted by name",
					"request": {
						"method": "GET",
						"header": [],
						"url": {
							"raw": "http://localhost:8080/cities",
							"protocol": "http",
							"host": [
								"localhost"
							],
							"port": "8080",
							"path": [
								"cities"
							]
						}
					},
					"response": []
				},
				{
					"name": "New city",
					"request": {
						"method": "POST",
						"header": [],
						"body": {
							"mode": "raw",
							"raw": "{\r\n    \"name\": \"Recife\"\r\n}\r\n",
							"options": {
								"raw": {
									"language": "json"
								}
							}
						},
						"url": {
							"raw": "http://localhost:8080/cities",
							"protocol": "http",
							"host": [
								"localhost"
							],
							"port": "8080",
							"path": [
								"cities"
							]
						}
					},
					"response": []
				},
				{
					"name": "Delete city by id",
					"request": {
						"method": "DELETE",
						"header": [],
						"body": {
							"mode": "raw",
							"raw": "{\r\n    \"name\": \"Recife\"\r\n}\r\n",
							"options": {
								"raw": {
									"language": "json"
								}
							}
						},
						"url": {
							"raw": "http://localhost:8080/cities/13",
							"protocol": "http",
							"host": [
								"localhost"
							],
							"port": "8080",
							"path": [
								"cities",
								"13"
							]
						}
					},
					"response": []
				}
			]
		},
		{
			"name": "Event",
			"item": [
				{
					"name": "Update event",
					"request": {
						"method": "PUT",
						"header": [],
						"body": {
							"mode": "raw",
							"raw": "{\r\n    \"name\": \"Expo XP\",\r\n    \"date\": \"2021-05-18\",\r\n    \"url\": \"https://expoxp.com.br\",\r\n    \"cityId\": 7\r\n}\r\n",
							"options": {
								"raw": {
									"language": "json"
								}
							}
						},
						"url": {
							"raw": "http://localhost:8080/events/1",
							"protocol": "http",
							"host": [
								"localhost"
							],
							"port": "8080",
							"path": [
								"events",
								"1"
							]
						}
					},
					"response": []
				}
			]
		}
	]
}